"","ProductCode","Product","Month_0","Month_1","Month_2","Month_3","Month_4","Month_5","Month_6","Month_7","Month_8","Month_9","Month_10","Month_11","Month_12","Month_13","Month_14","Month_15","Month_16","Month_17","Month_18","Month_19","Month_20","Month_21","Month_22","Month_23"
"1",6,"Liquids",0.325138883177242,0.753107466362941,0.901487666090253,0.753006312230892,0.757970257381701,0.718615857062849,0.715272468182873,1,0.461822124189022,0.329845851753017,0.315059933034842,0.245347904185867,0.17708945327677,0.189419188352946,0.118261223658015,0.129375301690508,0.0591553314621047,0.107192225395261,0.0271488625419779,0.0319831383384098,0.0854807878186208,0.0194033184257062,0.0255246415470448,0.00946421479105749
"2",1,"Oil",0.556626092417349,1,0.853363842769964,0.712096025857952,0.607050646896779,0.548031417762296,0.502141600372793,0.456606221743863,0.421374481743444,0.401444584597751,0.378821722420865,0.365380206183648,0.334300523264519,0.333770188949801,0.3132384476104,0.295231285941823,0.264802198096045,0.261570651920832,0.253907123228292,0.230998520187051,0.230197834069691,0.233201656513021,0.220060217110864,0.257455195604703
"3",5,"Gas",0.523723522574485,1,0.941707828159086,0.848241089360312,0.763540378673691,0.705682593128935,0.658939234625701,0.623650835677482,0.595456365385393,0.564199191852207,0.549648298895058,0.516933016257582,0.503539840160763,0.490374782880581,0.470586696674148,0.451166951656537,0.433383606749711,0.410615904786335,0.401636601910773,0.38814697007483,0.361187258215544,0.346551384268807,0.342842839283401,0.34831539591498
