"","product","first18mo","first2yrs","first3yrs","first4yrs","first5yrs","last10of30yrs"
"1","Gas",0.329453221048284,0.394869136645754,0.493574303555055,0.565757748321812,0.621658288036108,0.0707130975584866
"2","Oil",0.460661624189917,0.527475541924836,0.619807404761606,0.682165919511109,0.72801399311001,0.0469476701970597
