"","product","first18mo","first2yrs","first3yrs","first4yrs","first5yrs","last10of30yrs"
"1","Gas",0.329453221048284,0.394869136645754,0.493574303555055,0.565757748321812,0.621658288036108,0.0707130975584866
"2","Oil",0.46066162421965,0.527475541956662,0.619807404794536,0.682165919543345,0.728013993140849,0.0469476701881153
