"","product","first18mo","first2yrs","first3yrs","first4yrs","first5yrs","last10of20yrs"
"1","Gas",0.392319163897728,0.471185037920131,0.587658299257988,0.669541378554218,0.730250780176134,0.109223228292867
"2","Oil",0.611035646211435,0.684371158193122,0.77620733669528,0.831397374266364,0.868227318175794,0.047960042728218
