"","product","first18mo","first2yrs","first3yrs","first4yrs","first5yrs","last10of20yrs"
"1","Gas",0.382623179764123,0.45435996074403,0.560349731765516,0.636257385424159,0.694163346345057,0.138960027861476
"2","Oil",0.498119139757307,0.567643279497868,0.662852803676361,0.726648861069927,0.773320822344667,0.0996480957650569
